{
  "Baseline": {
    "parameters": 25450,
    "train_accuracy": 0.959659993648529,
    "validation_accuracy": 0.9588000178337097,
    "test_accuracy": 0.9573000073432922,
    "train_loss": 0.1843891590833664,
    "validation_loss": 0.19556769728660583,
    "test_loss": 0.1945619434118271,
    "max_epochs": 15,
    "epochs_run": 15,
    "best_epoch": 15,
    "stopping_monitor": null
  },
  "Overfitted": {
    "parameters": 2774794,
    "train_accuracy": 0.9965599775314331,
    "validation_accuracy": 0.9793000221252441,
    "test_accuracy": 0.9797999858856201,
    "train_loss": 0.015773368999361992,
    "validation_loss": 0.155146986246109,
    "test_loss": 0.14304883778095245,
    "max_epochs": 60,
    "epochs_run": 60,
    "best_epoch": null,
    "stopping_monitor": null
  },
  "Improved": {
    "parameters": 2774794,
    "train_accuracy": 0.9978600144386292,
    "validation_accuracy": 0.9848999977111816,
    "test_accuracy": 0.9843999743461609,
    "train_loss": 0.09677186608314514,
    "validation_loss": 0.15430910885334015,
    "test_loss": 0.1514737606048584,
    "max_epochs": 35,
    "epochs_run": 30,
    "best_epoch": 24,
    "stopping_monitor": "validation_accuracy"
  }
}
