{
  "Baseline": {
    "parameters": 25450,
    "train_accuracy": 0.9594600200653076,
    "validation_accuracy": 0.9585000276565552,
    "test_accuracy": 0.9534000158309937,
    "train_loss": 0.14108356833457947,
    "validation_loss": 0.15005409717559814,
    "test_loss": 0.1590452343225479
  },
  "Overfitted": {
    "parameters": 2774794,
    "train_accuracy": 0.9965599775314331,
    "validation_accuracy": 0.9793000221252441,
    "test_accuracy": 0.9797999858856201,
    "train_loss": 0.015773368999361992,
    "validation_loss": 0.155146986246109,
    "test_loss": 0.14304883778095245
  },
  "Improved": {
    "parameters": 2774794,
    "train_accuracy": 0.9990800023078918,
    "validation_accuracy": 0.9836999773979187,
    "test_accuracy": 0.9828000068664551,
    "train_loss": 0.10164051502943039,
    "validation_loss": 0.1570369452238083,
    "test_loss": 0.1591026782989502
  }
}
