{
  "Baseline": {
    "parameters": 109386,
    "train_accuracy": 0.9883599877357483,
    "validation_accuracy": 0.9696999788284302,
    "test_accuracy": 0.97079998254776,
    "train_loss": 0.033406998962163925,
    "validation_loss": 0.11735448986291885,
    "test_loss": 0.11338727921247482
  },
  "Overfitted": {
    "parameters": 2774794,
    "train_accuracy": 0.9965599775314331,
    "validation_accuracy": 0.9793000221252441,
    "test_accuracy": 0.9797999858856201,
    "train_loss": 0.015773368999361992,
    "validation_loss": 0.155146986246109,
    "test_loss": 0.14304883778095245
  },
  "Improved": {
    "parameters": 2774794,
    "train_accuracy": 0.9990800023078918,
    "validation_accuracy": 0.9836999773979187,
    "test_accuracy": 0.9828000068664551,
    "train_loss": 0.10164051502943039,
    "validation_loss": 0.1570369452238083,
    "test_loss": 0.1591026782989502
  }
}